town,Region,population,Galician frac,Bilingual frac.,Slovenian Frac.,S,k,lat,lon
A Arnoia,O Carballiño,1171,0.167,0.75,0.083,0.54,0.8,-8.14,42.26
A Barciela,A Barcala,374,0.192,0.59,0.218,0.49,0.75,-8.45,42.96
A Barrela,Chantada,198,0.222,0.611,0.167,0.54,0.76,-7.81,42.54
A Cañiza,A Paradanta,1907,0.132,0.579,0.289,0.45,0.78,-8.27,42.21
A Chan,Pontevedra,50,0.058,0.481,0.462,0.16,0.8,-8.48,42.47
A Ciadella,Arzúa,83,0.4,0.52,0.08,0.6,0.75,-8.04,43.08
A Ciadella,Arzúa,83,0.4,0.52,0.08,0.6,0.75,-8.04,43.08
A Coruña,A Coruña,244810,0.02,0.475,0.505,0.3,0.78,-8.4,43.37
A Cruz do Incio,A Fonsagrada,237,0.476,0.476,0.048,0.63,0.82,-7.36,42.66
A Devesa,Arzúa,26,0.4,0.52,0.08,0.6,0.75,-8.29,43.01
A Eirexa de Puga,Ourense,280,0.073,0.6,0.327,0.35,0.8,-8,42.32
A Estrada,Tabeirós-Terra De Montes,8479,0.48,0.36,0.16,0.58,0.69,-8.49,42.69
A Feira do Monte,A Ulloa,455,0.154,0.641,0.205,0.5,0.78,-7.56,43.24
A Fonsagrada,A Fonsagrada,1229,0.476,0.476,0.048,0.63,0.82,-7.07,43.12
A Forxa,O Carballiño,23,0.167,0.75,0.083,0.54,0.8,-8,42.37
A Gándara,Xallas,102,0.657,0.286,0.057,0.71,0.85,-9.11,42.77
A Gándara,Arzúa,391,0.4,0.52,0.08,0.6,0.75,-8.13,43.01
A Guarda,A Paradanta,10484,0.132,0.579,0.289,0.45,0.78,-8.87,41.9
A Gudiña,Terra De Celanova,792,0.5,0.467,0.033,0.64,0.76,-7.14,42.06
A Igrexa,Eume,66,0.081,0.435,0.484,0.17,0.83,-7.94,43.5
A Igrexa,Vigo,183,0.039,0.512,0.449,0.24,0.8,-8.45,42.34
A Lagoa,Pontevedra,211,0.058,0.481,0.462,0.16,0.8,-8.54,42.54
A Lama,Pontevedra,249,0.058,0.481,0.462,0.16,0.8,-8.44,42.4
A Laracha,Xallas,2580,0.657,0.286,0.057,0.71,0.85,-8.58,43.25
A Merca,Terra De Celanova,244,0.5,0.467,0.033,0.64,0.76,-7.9,42.22
A Mezquita,Terra De Celanova,380,0.5,0.467,0.033,0.64,0.76,-7.05,42.01
A Peroxa,Ourense,337,0.073,0.6,0.327,0.35,0.8,-7.8,42.44
A Picota,Xallas,354,0.657,0.286,0.057,0.71,0.85,-8.99,42.94
A Pobra de Navia,A Fonsagrada,394,0.476,0.476,0.048,0.63,0.82,-7.01,42.96
A Pobra de Parga,A Ulloa,378,0.154,0.641,0.205,0.5,0.78,-7.84,43.16
A Pobra de Trives,Terra De Caldelas,2191,0.188,0.5,0.313,0.17,0.73,-7.25,42.34
A Pobra do Brollón,Chantada,238,0.222,0.611,0.167,0.54,0.76,-7.39,42.56
A Pobra do Caramiñal,Barbanza,4468,0.282,0.615,0.103,0.62,0.79,-8.94,42.6
A Ponte do Porto,Xallas,886,0.657,0.286,0.057,0.71,0.85,-9.12,43.14
A Pontenova,A Mariña Central,858,0.318,0.545,0.136,0.56,0.76,-7.19,43.35
A Rúa de Valdeorras,Terra De Caldelas,4664,0.188,0.5,0.313,0.17,0.73,-7.11,42.4
A Ramallosa,Vigo,4817,0.039,0.512,0.449,0.24,0.8,-8.81,42.11
A Regueira,A Coruña,248,0.02,0.475,0.505,0.3,0.78,-8.18,43.19
A Seara,A Mariña Central,226,0.318,0.545,0.136,0.56,0.76,-7.41,43.53
A Serra de Outes,Barbanza,1064,0.282,0.615,0.103,0.62,0.79,-8.91,42.84
A Terrachán,Terra De Celanova,446,0.5,0.467,0.033,0.64,0.76,-8.12,41.93
A Veiga,Terra De Caldelas,257,0.188,0.5,0.313,0.17,0.73,-7.02,42.25
A Vila,Terra De Celanova,36,0.5,0.467,0.033,0.64,0.76,-8.04,41.99
A Vila da Igrexa,Eume,93,0.081,0.435,0.484,0.17,0.83,-8,43.62
A Vila de Abade,Arzúa,464,0.4,0.52,0.08,0.6,0.75,-8.61,43.09
A Vilavella,Terra De Celanova,179,0.5,0.467,0.033,0.64,0.76,-7.01,42.04
A Xironda,Terra De Celanova,323,0.5,0.467,0.033,0.64,0.76,-7.64,41.9
Abadín,A Ulloa,116,0.154,0.641,0.205,0.5,0.78,-7.47,43.36
Abegondo,A Coruña,646,0.02,0.475,0.505,0.3,0.78,-8.29,43.23
Agolada,Tabeirós-Terra De Montes,483,0.48,0.36,0.16,0.58,0.69,-8.02,42.76
Agro do Chao,Arzúa,36,0.4,0.52,0.08,0.6,0.75,-8.04,42.85
Aiazo,Arzúa,168,0.4,0.52,0.08,0.6,0.75,-8.28,43.01
Albarellos,Terra De Celanova,509,0.5,0.467,0.033,0.64,0.76,-7.5,41.95
Albixoi,Arzúa,161,0.4,0.52,0.08,0.6,0.75,-8.21,43.09
Aldea de Deva,Terra De Celanova,263,0.5,0.467,0.033,0.64,0.76,-8.13,42.16
Alfoz,A Mariña Central,226,0.318,0.545,0.136,0.56,0.76,-7.42,43.53
Allariz,Terra De Caldelas,3328,0.188,0.5,0.313,0.17,0.73,-7.8,42.19
Almeiras,A Coruña,1037,0.02,0.475,0.505,0.3,0.78,-8.37,43.31
Amiudal,O Carballiño,164,0.167,0.75,0.083,0.54,0.8,-8.26,42.4
Amoeiro,Ourense,426,0.073,0.6,0.327,0.35,0.8,-7.95,42.41
Anceis,A Coruña,1310,0.02,0.475,0.505,0.3,0.78,-8.36,43.28
Andeiro,A Coruña,306,0.02,0.475,0.505,0.3,0.78,-8.34,43.26
Andoio,Arzúa,283,0.4,0.52,0.08,0.6,0.75,-8.58,43.13
Antas de Ulla,A Ulloa,674,0.154,0.641,0.205,0.5,0.78,-7.89,42.78
Anxeriz,Arzúa,490,0.4,0.52,0.08,0.6,0.75,-8.67,43.11
Aranga,A Coruña,520,0.02,0.475,0.505,0.3,0.78,-8.02,43.24
Ardemil,Arzúa,600,0.4,0.52,0.08,0.6,0.75,-8.38,43.13
Ares,Eume,3814,0.081,0.435,0.484,0.17,0.83,-8.24,43.43
Armea,A Coruña,68,0.02,0.475,0.505,0.3,0.78,-8.18,43.27
Armentón,A Coruña,436,0.02,0.475,0.505,0.3,0.78,-8.54,43.29
Arteixo,A Coruña,12098,0.02,0.475,0.505,0.3,0.78,-8.51,43.3
Arzádegos,Terra De Celanova,183,0.5,0.467,0.033,0.64,0.76,-7.32,41.86
Arzúa,Arzúa,6500,0.4,0.52,0.08,0.6,0.75,-8.16,42.93
As Casas dos Montes,Terra De Celanova,159,0.5,0.467,0.033,0.64,0.76,-7.51,41.88
As Chás,Terra De Celanova,125,0.5,0.467,0.033,0.64,0.76,-7.5,41.9
As Encrobas,Arzúa,415,0.4,0.52,0.08,0.6,0.75,-8.4,43.19
As Neves,Eume,230,0.081,0.435,0.484,0.17,0.83,-8.06,43.44
As Neves,A Paradanta,465,0.132,0.579,0.289,0.45,0.78,-8.42,42.09
As Nogais,A Fonsagrada,216,0.476,0.476,0.048,0.63,0.82,-7.11,42.81
As Pontes de García Rodríguez,Eume,9513,0.081,0.435,0.484,0.17,0.83,-7.85,43.45
As Rodrigas (Riotorto),A Ulloa,155,0.154,0.641,0.205,0.5,0.78,-7.26,43.34
Bóveda,Chantada,349,0.222,0.611,0.167,0.54,0.76,-7.48,42.62
Bóveda de Limia,Terra De Celanova,170,0.5,0.467,0.033,0.64,0.76,-7.64,42.16
Baños de Molgas,Terra De Caldelas,375,0.188,0.5,0.313,0.17,0.73,-7.67,42.24
Babío,A Coruña,316,0.02,0.475,0.505,0.3,0.78,-8.25,43.31
Baiona,Vigo,3014,0.039,0.512,0.449,0.24,0.8,-8.85,42.12
Baltar,Terra De Celanova,249,0.5,0.467,0.033,0.64,0.76,-7.72,41.95
Bande,Terra De Celanova,728,0.5,0.467,0.033,0.64,0.76,-7.97,42.03
Bandoxa,A Coruña,166,0.02,0.475,0.505,0.3,0.78,-8.15,43.21
Baralla,A Fonsagrada,706,0.476,0.476,0.048,0.63,0.82,-7.25,42.89
Barbadás,Ourense,258,0.073,0.6,0.327,0.35,0.8,-7.89,42.3
Barbeiros,Arzúa,237,0.4,0.52,0.08,0.6,0.75,-8.34,43.07
Bardaos,Arzúa,502,0.4,0.52,0.08,0.6,0.75,-8.54,43.12
Baredo,Vigo,1117,0.039,0.512,0.449,0.24,0.8,-8.87,42.11
Barrañán,A Coruña,345,0.02,0.475,0.505,0.3,0.78,-8.54,43.3
Barral,O Carballiño,177,0.167,0.75,0.083,0.54,0.8,-8.09,42.29
Bascoi,Arzúa,217,0.4,0.52,0.08,0.6,0.75,-8.22,43.12
Beán,Arzúa,297,0.4,0.52,0.08,0.6,0.75,-8.39,43.02
Beade,O Carballiño,448,0.167,0.75,0.083,0.54,0.8,-8.13,42.33
Beariz,O Carballiño,424,0.167,0.75,0.083,0.54,0.8,-8.27,42.47
Becerreá,A Fonsagrada,1444,0.476,0.476,0.048,0.63,0.82,-7.16,42.85
Begonte,A Ulloa,188,0.154,0.641,0.205,0.5,0.78,-7.69,43.15
Beira,A Coruña,567,0.02,0.475,0.505,0.3,0.78,-8.36,43.2
Bembibre,A Barcala,985,0.192,0.59,0.218,0.49,0.75,-8.66,43.02
Bergondo,A Coruña,1514,0.02,0.475,0.505,0.3,0.78,-8.23,43.32
Bertamiráns,A Barcala,7166,0.192,0.59,0.218,0.49,0.75,-8.65,42.86
Betanzos,A Coruña,10746,0.02,0.475,0.505,0.3,0.78,-8.21,43.28
Boado,Arzúa,203,0.4,0.52,0.08,0.6,0.75,-8.19,43.04
Boborás,O Carballiño,147,0.167,0.75,0.083,0.54,0.8,-8.14,42.43
Boiro,Barbanza,9306,0.282,0.615,0.103,0.62,0.79,-8.89,42.65
Boqueixón,A Barcala,296,0.192,0.59,0.218,0.49,0.75,-8.41,42.81
Borrifáns,A Coruña,248,0.02,0.475,0.505,0.3,0.78,-8.21,43.14
Brabío,A Coruña,384,0.02,0.475,0.505,0.3,0.78,-8.2,43.27
Bragade,A Coruña,195,0.02,0.475,0.505,0.3,0.78,-8.2,43.17
Brexo,A Coruña,926,0.02,0.475,0.505,0.3,0.78,-8.32,43.27
Bribes,A Coruña,816,0.02,0.475,0.505,0.3,0.78,-8.31,43.28
Bruma,Arzúa,53,0.4,0.52,0.08,0.6,0.75,-8.36,43.15
Bueu,O Morrazo,3837,0,0.871,0.129,0.37,0.86,-8.79,42.33
Burela,A Mariña Central,9536,0.318,0.545,0.136,0.56,0.76,-7.36,43.66
Buscás,Arzúa,538,0.4,0.52,0.08,0.6,0.75,-8.38,43.1
Cádavos,Terra De Celanova,98,0.5,0.467,0.033,0.64,0.76,-7.01,41.98
Córgomo,Terra De Caldelas,237,0.188,0.5,0.313,0.17,0.73,-7.03,42.43
Cañás,A Coruña,323,0.02,0.475,0.505,0.3,0.78,-8.33,43.23
Cabaleiros,Arzúa,789,0.4,0.52,0.08,0.6,0.75,-8.55,43.08
Cabana de Bergantiños,Xallas,4623,0.657,0.286,0.057,0.71,0.85,-8.93,43.22
Cabanas,A Coruña,140,0.02,0.475,0.505,0.3,0.78,-8.3,43.21
Cabanas,Eume,1002,0.081,0.435,0.484,0.17,0.83,-8.16,43.42
Cabo de Cruz,Barbanza,2430,0.282,0.615,0.103,0.62,0.79,-8.88,42.62
Cabrui,Arzúa,231,0.4,0.52,0.08,0.6,0.75,-8.2,43.12
Caión,Xallas,633,0.657,0.286,0.057,0.71,0.85,-8.61,43.32
Caldas de Reis,Caldas,4432,0.19,0.667,0.143,0.48,0.75,-8.64,42.6
Calvos,Terra De Celanova,175,0.5,0.467,0.033,0.64,0.76,-7.9,41.94
Camariñas,Xallas,2775,0.657,0.286,0.057,0.71,0.85,-9.18,43.13
Cambás,A Coruña,439,0.02,0.475,0.505,0.3,0.78,-7.97,43.26
Cambados,Caldas,6905,0.19,0.667,0.143,0.48,0.75,-8.81,42.51
Cambre,A Coruña,3876,0.02,0.475,0.505,0.3,0.78,-8.34,43.29
Cangas,O Morrazo,6891,0,0.871,0.129,0.37,0.86,-8.78,42.26
Carballeda de Avia,O Carballiño,342,0.167,0.75,0.083,0.54,0.8,-8.16,42.32
Carballeda de Valdeorras,Terra De Caldelas,53,0.188,0.5,0.313,0.17,0.73,-6.88,42.38
Carballo,Xallas,19140,0.657,0.286,0.057,0.71,0.85,-8.69,43.21
Carballo,Terra De Celanova,106,0.5,0.467,0.033,0.64,0.76,-7.95,42.1
Carelle,Arzúa,147,0.4,0.52,0.08,0.6,0.75,-8.06,43.02
Cariño,Eume,3127,0.081,0.435,0.484,0.17,0.83,-7.87,43.74
Carnoedo,A Coruña,1005,0.02,0.475,0.505,0.3,0.78,-8.27,43.37
Carnota,Xallas,1018,0.657,0.286,0.057,0.71,0.85,-9.09,42.82
Carral,A Coruña,2497,0.02,0.475,0.505,0.3,0.78,-8.36,43.23
Carres,A Coruña,81,0.02,0.475,0.505,0.3,0.78,-8.24,43.19
Cartelle,Terra De Celanova,215,0.5,0.467,0.033,0.64,0.76,-8.07,42.25
Casaio,Terra De Caldelas,438,0.188,0.5,0.313,0.17,0.73,-6.81,42.34
Castañedo,A Fonsagrada,104,0.476,0.476,0.048,0.63,0.82,-6.99,43.05
Castelo,A Coruña,303,0.02,0.475,0.505,0.3,0.78,-8.39,43.24
Castenda da Torre,Arzúa,376,0.4,0.52,0.08,0.6,0.75,-8.53,43.05
Castrelo do Val,Terra De Celanova,350,0.5,0.467,0.033,0.64,0.76,-7.42,41.99
Castro,Arzúa,117,0.4,0.52,0.08,0.6,0.75,-8.18,43.06
Castro Caldelas,Terra De Caldelas,677,0.188,0.5,0.313,0.17,0.73,-7.42,42.37
Castro de Rei,A Ulloa,177,0.154,0.641,0.205,0.5,0.78,-7.4,43.21
Castromil,Terra De Celanova,69,0.5,0.467,0.033,0.64,0.76,-6.98,42.01
Castroverde,A Ulloa,386,0.154,0.641,0.205,0.5,0.78,-7.33,43.03
Cea,O Carballiño,680,0.167,0.75,0.083,0.54,0.8,-7.99,42.47
Cecebre,A Coruña,1347,0.02,0.475,0.505,0.3,0.78,-8.3,43.29
Cedeira,Eume,7062,0.081,0.435,0.484,0.17,0.83,-8.05,43.66
Cee,Xallas,4411,0.657,0.286,0.057,0.71,0.85,-9.19,42.96
Cela,A Coruña,499,0.02,0.475,0.505,0.3,0.78,-8.33,43.29
Celanova,Terra De Celanova,3516,0.5,0.467,0.033,0.64,0.76,-7.96,42.15
Celeiro,A Mariña Central,1886,0.318,0.545,0.136,0.56,0.76,-7.59,43.68
Cepedelo,Terra De Celanova,42,0.5,0.467,0.033,0.64,0.76,-7,42.13
Cerceda,Arzúa,1919,0.4,0.52,0.08,0.6,0.75,-8.47,43.19
Cerdedo,Tabeirós-Terra De Montes,437,0.48,0.36,0.16,0.58,0.69,-8.39,42.53
Cerneda,A Coruña,91,0.02,0.475,0.505,0.3,0.78,-8.28,43.21
Cervo,A Mariña Central,518,0.318,0.545,0.136,0.56,0.76,-7.41,43.67
Chaguazoso,Terra De Celanova,161,0.5,0.467,0.033,0.64,0.76,-7.05,41.97
Chamín,A Coruña,474,0.02,0.475,0.505,0.3,0.78,-8.57,43.29
Chantada,Chantada,4340,0.222,0.611,0.167,0.54,0.76,-7.77,42.61
Coirós,A Coruña,512,0.02,0.475,0.505,0.3,0.78,-8.17,43.25
Colantres,A Coruña,289,0.02,0.475,0.505,0.3,0.78,-8.17,43.26
Coles,Ourense,223,0.073,0.6,0.327,0.35,0.8,-7.84,42.4
Combarro,Pontevedra,1283,0.058,0.481,0.462,0.16,0.8,-8.71,42.43
Comoxo,Barbanza,187,0.282,0.615,0.103,0.62,0.79,-8.89,42.68
Corcubión,Xallas,1638,0.657,0.286,0.057,0.71,0.85,-9.19,42.94
Corme Porto,Xallas,1142,0.657,0.286,0.057,0.71,0.85,-8.96,43.26
Cortegada,O Carballiño,522,0.167,0.75,0.083,0.54,0.8,-8.17,42.21
Cortiñán,A Coruña,494,0.02,0.475,0.505,0.3,0.78,-8.24,43.28
Cos,A Coruña,118,0.02,0.475,0.505,0.3,0.78,-8.24,43.23
Covas,A Mariña Central,3386,0.318,0.545,0.136,0.56,0.76,-7.61,43.67
Covelo,A Paradanta,308,0.132,0.579,0.289,0.45,0.78,-8.36,42.23
Crecente,A Paradanta,475,0.132,0.579,0.289,0.45,0.78,-8.22,42.15
Crendes,A Coruña,710,0.02,0.475,0.505,0.3,0.78,-8.27,43.27
Cuíña,A Coruña,244,0.02,0.475,0.505,0.3,0.78,-8.22,43.23
Cualedro,Terra De Celanova,316,0.5,0.467,0.033,0.64,0.76,-7.59,41.99
Culleredo,A Coruña,1483,0.02,0.475,0.505,0.3,0.78,-8.39,43.29
Cullergondo,A Coruña,195,0.02,0.475,0.505,0.3,0.78,-8.23,43.21
Cumbraos,Arzúa,252,0.4,0.52,0.08,0.6,0.75,-8.18,43.09
Cumbraos,Arzúa,239,0.4,0.52,0.08,0.6,0.75,-8.01,43.06
Cuntis,Caldas,967,0.19,0.667,0.143,0.48,0.75,-8.56,42.64
Currás,Caldas,3078,0.19,0.667,0.143,0.48,0.75,-8.66,42.59
Curtis,A Coruña,1246,0.02,0.475,0.505,0.3,0.78,-8.14,43.13
Cutián,A Coruña,91,0.02,0.475,0.505,0.3,0.78,-8.25,43.2
Dodro,A Barcala,1231,0.192,0.59,0.218,0.49,0.75,-8.71,42.72
Dordaño,A Coruña,253,0.02,0.475,0.505,0.3,0.78,-8.23,43.18
Dumbría,Xallas,496,0.657,0.286,0.057,0.71,0.85,-9.12,43.01
Entoma,Terra De Caldelas,318,0.188,0.5,0.313,0.17,0.73,-6.94,42.42
Escairón,Chantada,899,0.222,0.611,0.167,0.54,0.76,-7.64,42.58
Esgos,Ourense,256,0.073,0.6,0.327,0.35,0.8,-7.7,42.33
Feás,A Coruña,114,0.02,0.475,0.505,0.3,0.78,-8.08,43.25
Fene,Eume,1730,0.081,0.435,0.484,0.17,0.83,-8.16,43.47
Ferreira do Valadouro,A Mariña Central,749,0.318,0.545,0.136,0.56,0.76,-7.44,43.55
Ferrol,Eume,74000,0.081,0.435,0.484,0.17,0.83,-8.23,43.48
Figueiroa,A Coruña,213,0.02,0.475,0.505,0.3,0.78,-8.32,43.22
Figueredo,A Coruña,44,0.02,0.475,0.505,0.3,0.78,-8.25,43.18
Filgueira de Barranca,A Coruña,118,0.02,0.475,0.505,0.3,0.78,-8.18,43.16
Filgueira de Traba,A Coruña,147,0.02,0.475,0.505,0.3,0.78,-8.28,43.14
Fisterra,Xallas,3034,0.657,0.286,0.057,0.71,0.85,-9.26,42.91
Fisteus,A Coruña,546,0.02,0.475,0.505,0.3,0.78,-8.1,43.1
Folgoso,A Coruña,119,0.02,0.475,0.505,0.3,0.78,-8.31,43.2
Folgoso,Arzúa,97,0.4,0.52,0.08,0.6,0.75,-8.09,43.03
Folgoso do Courel,Chantada,359,0.222,0.611,0.167,0.54,0.76,-7.19,42.59
Fonsá,Arzúa,48,0.4,0.52,0.08,0.6,0.75,-8.28,43.02
Fonte Díaz,Arzúa,415,0.4,0.52,0.08,0.6,0.75,-8.3,42.87
Fontelo,Arzúa,88,0.4,0.52,0.08,0.6,0.75,-8.29,43.02
Forcarei,Tabeirós-Terra De Montes,431,0.48,0.36,0.16,0.58,0.69,-8.35,42.59
Forte,A Barcala,186,0.192,0.59,0.218,0.49,0.75,-8.42,42.83
Forxa,Terra De Celanova,153,0.5,0.467,0.033,0.64,0.76,-7.85,42.02
Foxado,A Coruña,479,0.02,0.475,0.505,0.3,0.78,-8.02,43.11
Foz,A Mariña Central,5021,0.318,0.545,0.136,0.56,0.76,-7.26,43.57
Friol,A Ulloa,573,0.154,0.641,0.205,0.5,0.78,-7.79,43.03
Gondomar,Vigo,2132,0.039,0.512,0.449,0.24,0.8,-8.76,42.11
Gorgullos,Arzúa,489,0.4,0.52,0.08,0.6,0.75,-8.49,43.08
Grixalba,Arzúa,373,0.4,0.52,0.08,0.6,0.75,-7.99,43.09
Grou,Terra De Celanova,369,0.5,0.467,0.033,0.64,0.76,-8.06,41.95
Guísamo,A Coruña,1509,0.02,0.475,0.505,0.3,0.78,-8.27,43.3
Guitiriz,A Ulloa,1654,0.154,0.641,0.205,0.5,0.78,-7.89,43.18
Guntín de Pallares,A Ulloa,262,0.154,0.641,0.205,0.5,0.78,-7.69,42.89
Infesta,Caldas,282,0.19,0.667,0.143,0.48,0.75,-8.65,42.72
Irixoa,A Coruña,186,0.02,0.475,0.505,0.3,0.78,-8.06,43.28
Lañas,A Coruña,426,0.02,0.475,0.505,0.3,0.78,-8.53,43.29
Laiosa,A Fonsagrada,114,0.476,0.476,0.048,0.63,0.82,-7.42,42.64
Lalín,Tabeirós-Terra De Montes,10075,0.48,0.36,0.16,0.58,0.69,-8.11,42.66
Lanzá,Arzúa,205,0.4,0.52,0.08,0.6,0.75,-8.2,43.07
Larín,A Coruña,546,0.02,0.475,0.505,0.3,0.78,-8.55,43.26
Lariño,Xallas,456,0.657,0.286,0.057,0.71,0.85,-9.12,42.78
Larouco,Terra De Caldelas,384,0.188,0.5,0.313,0.17,0.73,-7.16,42.35
Laxe,Xallas,1887,0.657,0.286,0.057,0.71,0.85,-9.01,43.22
Laza,Terra De Celanova,591,0.5,0.467,0.033,0.64,0.76,-7.46,42.06
Ledoira,Arzúa,149,0.4,0.52,0.08,0.6,0.75,-8.24,43.02
Leira,Arzúa,672,0.4,0.52,0.08,0.6,0.75,-8.4,43.11
Leiro,A Coruña,232,0.02,0.475,0.505,0.3,0.78,-8.27,43.19
Leiro,O Carballiño,546,0.167,0.75,0.083,0.54,0.8,-8.12,42.37
Lemaio,Xallas,286,0.657,0.286,0.057,0.71,0.85,-8.64,43.26
Lendo,Xallas,431,0.657,0.286,0.057,0.71,0.85,-8.6,43.28
Leobalde,Arzúa,121,0.4,0.52,0.08,0.6,0.75,-8.46,43.03
Lesa,A Coruña,248,0.02,0.475,0.505,0.3,0.78,-8.16,43.24
Lesta,Arzúa,220,0.4,0.52,0.08,0.6,0.75,-8.46,43.12
Limiñón,A Coruña,223,0.02,0.475,0.505,0.3,0.78,-8.24,43.25
Lires (Santo Estevo),Xallas,190,0.657,0.286,0.057,0.71,0.85,-9.24,43
Lobios,Terra De Celanova,507,0.5,0.467,0.033,0.64,0.76,-8.08,41.9
Loureda,A Coruña,1564,0.02,0.475,0.505,0.3,0.78,-8.49,43.29
Loureda,A Coruña,132,0.02,0.475,0.505,0.3,0.78,-8.28,43.17
Luíntra,Ourense,420,0.073,0.6,0.327,0.35,0.8,-7.73,42.41
Lubre,A Coruña,874,0.02,0.475,0.505,0.3,0.78,-8.26,43.32
Lugo,A Ulloa,98457,0.154,0.641,0.205,0.5,0.78,-7.56,43.01
Mañente,A Mariña Central,209,0.318,0.545,0.136,0.56,0.76,-7.26,43.55
Mabegondo,A Coruña,951,0.02,0.475,0.505,0.3,0.78,-8.28,43.24
Maceda,Terra De Caldelas,1689,0.188,0.5,0.313,0.17,0.73,-7.65,42.27
Malpica de Bergantiños,Xallas,2766,0.657,0.286,0.057,0.71,0.85,-8.81,43.32
Mandín,Terra De Celanova,174,0.5,0.467,0.033,0.64,0.76,-7.42,41.85
Mandaio,A Coruña,218,0.02,0.475,0.505,0.3,0.78,-8.2,43.2
Manzalvos,Terra De Celanova,118,0.5,0.467,0.033,0.64,0.76,-7.02,41.96
Manzaneda,Terra De Caldelas,230,0.188,0.5,0.313,0.17,0.73,-7.24,42.31
Marín,O Morrazo,17013,0,0.871,0.129,0.37,0.86,-8.7,42.39
Maside,O Carballiño,848,0.167,0.75,0.083,0.54,0.8,-8.03,42.41
Matamá,Terra De Celanova,170,0.5,0.467,0.033,0.64,0.76,-7.43,42.04
Meaño,Caldas,130,0.19,0.667,0.143,0.48,0.75,-8.78,42.45
Meangos,A Coruña,195,0.02,0.475,0.505,0.3,0.78,-8.25,43.23
Meirás,A Coruña,1097,0.02,0.475,0.505,0.3,0.78,-8.3,43.36
Meira,A Ulloa,849,0.154,0.641,0.205,0.5,0.78,-7.29,43.21
Meirama,Arzúa,412,0.4,0.52,0.08,0.6,0.75,-8.44,43.21
Meiraos,Chantada,142,0.222,0.611,0.167,0.54,0.76,-7.16,42.66
Meixigo,A Coruña,214,0.02,0.475,0.505,0.3,0.78,-8.33,43.27
Melón,O Carballiño,306,0.167,0.75,0.083,0.54,0.8,-8.21,42.26
Melide,Arzúa,7900,0.4,0.52,0.08,0.6,0.75,-8.01,42.91
Mercurín,Arzúa,272,0.4,0.52,0.08,0.6,0.75,-8.43,43.11
Mesía,Arzúa,421,0.4,0.52,0.08,0.6,0.75,-8.27,43.11
Mesón do Vento,Arzúa,1020,0.4,0.52,0.08,0.6,0.75,-8.39,43.15
Mezonzo,A Coruña,163,0.02,0.475,0.505,0.3,0.78,-8.13,43.06
Miñarzo (Lira),Xallas,357,0.657,0.286,0.057,0.71,0.85,-9.13,42.8
Miño,A Coruña,2252,0.02,0.475,0.505,0.3,0.78,-8.21,43.35
Moaña,O Morrazo,1086,0,0.871,0.129,0.37,0.86,-8.74,42.28
Moimenta,Barbanza,157,0.282,0.615,0.103,0.62,0.79,-8.89,42.72
Mondariz,A Paradanta,5081,0.132,0.579,0.289,0.45,0.78,-8.46,42.23
Mondariz-Balneario,A Paradanta,618,0.132,0.579,0.289,0.45,0.78,-8.47,42.23
Mondego,A Coruña,880,0.02,0.475,0.505,0.3,0.78,-8.29,43.36
Mondoñedo,A Mariña Central,1986,0.318,0.545,0.136,0.56,0.76,-7.36,43.43
Mondoi,A Coruña,225,0.02,0.475,0.505,0.3,0.78,-8.21,43.26
Monfero,Eume,779,0.081,0.435,0.484,0.17,0.83,-8.06,43.33
Monforte de Lemos,Chantada,16630,0.222,0.611,0.167,0.54,0.76,-7.51,42.52
Monteagudo,A Coruña,358,0.02,0.475,0.505,0.3,0.78,-8.58,43.28
Montederramo,Terra De Caldelas,152,0.188,0.5,0.313,0.17,0.73,-7.5,42.28
Montefurado,Chantada,162,0.222,0.611,0.167,0.54,0.76,-7.2,42.39
Monterroso,A Ulloa,2057,0.154,0.641,0.205,0.5,0.78,-7.84,42.79
Montouto,A Coruña,393,0.02,0.475,0.505,0.3,0.78,-8.33,43.2
Morás,A Coruña,1194,0.02,0.475,0.505,0.3,0.78,-8.47,43.3
Moraña,Caldas,934,0.19,0.667,0.143,0.48,0.75,-8.59,42.59
Moruxo,A Coruña,407,0.02,0.475,0.505,0.3,0.78,-8.23,43.33
Mosteirón,A Coruña,259,0.02,0.475,0.505,0.3,0.78,-8.29,43.35
Mosteiro,A Ulloa,185,0.154,0.641,0.205,0.5,0.78,-7.35,43.13
Mugardos,Eume,2575,0.081,0.435,0.484,0.17,0.83,-8.26,43.46
Mugueimes,Terra De Celanova,203,0.5,0.467,0.033,0.64,0.76,-7.97,41.96
Muniferral,A Coruña,289,0.02,0.475,0.505,0.3,0.78,-8.05,43.24
Muras,A Ulloa,78,0.154,0.641,0.205,0.5,0.78,-7.72,43.47
Muros,Xallas,2523,0.657,0.286,0.057,0.71,0.85,-9.06,42.77
Muxía,Xallas,1635,0.657,0.286,0.057,0.71,0.85,-9.22,43.11
Narón,Eume,38910,0.081,0.435,0.484,0.17,0.83,-8.19,43.5
Neda,Eume,1513,0.081,0.435,0.484,0.17,0.83,-8.16,43.5
Negreira,A Barcala,3491,0.192,0.59,0.218,0.49,0.75,-8.73,42.91
Negueira,A Fonsagrada,36,0.476,0.476,0.048,0.63,0.82,-6.89,43.13
Nigrán,Vigo,1268,0.039,0.512,0.449,0.24,0.8,-8.81,42.14
Noia,Barbanza,8430,0.282,0.615,0.103,0.62,0.79,-8.89,42.79
Numide,Arzúa,131,0.4,0.52,0.08,0.6,0.75,-8.47,43.06
O Barco de Valdeorras,Terra De Caldelas,11469,0.188,0.5,0.313,0.17,0.73,-6.98,42.42
O Bolo,Terra De Caldelas,176,0.188,0.5,0.313,0.17,0.73,-7.1,42.31
O Calvario,A Paradanta,569,0.132,0.579,0.289,0.45,0.78,-8.84,41.94
O Campo,Terra De Caldelas,101,0.188,0.5,0.313,0.17,0.73,-7.3,42.37
O Carballiño,O Carballiño,11062,0.167,0.75,0.083,0.54,0.8,-8.08,42.43
O Castro de Ferreira,Chantada,429,0.222,0.611,0.167,0.54,0.76,-7.62,42.51
O Convento,Pontevedra,26,0.058,0.481,0.462,0.16,0.8,-8.68,42.45
O Corgo,A Ulloa,150,0.154,0.641,0.205,0.5,0.78,-7.43,42.94
O Grove,Caldas,7403,0.19,0.667,0.143,0.48,0.75,-8.87,42.5
O Irixo,O Carballiño,165,0.167,0.75,0.083,0.54,0.8,-8.12,42.51
O Milladoiro,A Barcala,12032,0.192,0.59,0.218,0.49,0.75,-8.58,42.84
O Mosteiro,Caldas,182,0.19,0.667,0.143,0.48,0.75,-8.7,42.52
O Páramo,A Fonsagrada,39,0.476,0.476,0.048,0.63,0.82,-7.5,42.84
O Pazo (Arbo),A Paradanta,287,0.132,0.579,0.289,0.45,0.78,-8.31,42.11
O Pedrouzo,Arzúa,573,0.4,0.52,0.08,0.6,0.75,-8.37,42.9
O Pereiro,Terra De Celanova,150,0.5,0.467,0.033,0.64,0.76,-7.05,42.03
O Pereiro de Aguiar,Ourense,328,0.073,0.6,0.327,0.35,0.8,-7.8,42.35
O Picouto,Terra De Celanova,163,0.5,0.467,0.033,0.64,0.76,-8.02,42.19
O Porriño,Vigo,5656,0.039,0.512,0.449,0.24,0.8,-8.62,42.16
O Rosal,A Paradanta,6531,0.132,0.579,0.289,0.45,0.78,-8.84,41.94
O Rosal,Terra De Celanova,228,0.5,0.467,0.033,0.64,0.76,-7.47,41.9
O Seixo,Eume,830,0.081,0.435,0.484,0.17,0.83,-8.22,43.46
O Seixo,A Paradanta,1114,0.132,0.579,0.289,0.45,0.78,-8.74,41.99
O Temple,A Coruña,8946,0.02,0.475,0.505,0.3,0.78,-8.36,43.32
O Toural,Pontevedra,96,0.058,0.481,0.462,0.16,0.8,-8.64,42.36
O Vicedo,A Mariña Central,867,0.318,0.545,0.136,0.56,0.76,-7.67,43.73
Oímbra,Terra De Celanova,459,0.5,0.467,0.033,0.64,0.76,-7.47,41.89
Oia,A Paradanta,292,0.132,0.579,0.289,0.45,0.78,-8.88,42
Olas,Arzúa,340,0.4,0.52,0.08,0.6,0.75,-8.31,43.11
Oleiros,A Coruña,921,0.02,0.475,0.505,0.3,0.78,-8.32,43.33
Ordes,Arzúa,5823,0.4,0.52,0.08,0.6,0.75,-8.41,43.08
Ortigueira,Eume,1692,0.081,0.435,0.484,0.17,0.83,-7.85,43.68
Orto,A Coruña,260,0.02,0.475,0.505,0.3,0.78,-8.28,43.28
Os Blancos,Terra De Celanova,124,0.5,0.467,0.033,0.64,0.76,-7.75,42
Os Dices,A Barcala,90,0.192,0.59,0.218,0.49,0.75,-8.69,42.76
Osedo,A Coruña,1025,0.02,0.475,0.505,0.3,0.78,-8.28,43.34
Oseiro,A Coruña,5365,0.02,0.475,0.505,0.3,0.78,-8.49,43.32
Ouces,A Coruña,919,0.02,0.475,0.505,0.3,0.78,-8.24,43.34
Ourense,Ourense,107186,0.073,0.6,0.327,0.35,0.8,-7.87,42.34
Ourol,A Mariña Central,54,0.318,0.545,0.136,0.56,0.76,-7.64,43.56
Outeiro de Rei,A Ulloa,296,0.154,0.641,0.205,0.5,0.78,-7.61,43.1
Outomuro,Terra De Celanova,322,0.5,0.467,0.033,0.64,0.76,-8.02,42.22
Oza,A Coruña,597,0.02,0.475,0.505,0.3,0.78,-8.19,43.21
Pacios,A Fonsagrada,68,0.476,0.476,0.048,0.63,0.82,-7.1,42.68
Paderne,A Coruña,107,0.02,0.475,0.505,0.3,0.78,-8.26,43.18
Paderne,A Coruña,180,0.02,0.475,0.505,0.3,0.78,-8.17,43.29
Padornelo,A Fonsagrada,123,0.476,0.476,0.048,0.63,0.82,-7.12,42.71
Padrón,A Barcala,9016,0.192,0.59,0.218,0.49,0.75,-8.66,42.74
Padrenda,Terra De Celanova,201,0.5,0.467,0.033,0.64,0.76,-8.16,42.14
Palas de Rei,A Ulloa,3743,0.154,0.641,0.205,0.5,0.78,-7.87,42.87
Panxón,Vigo,3901,0.039,0.512,0.449,0.24,0.8,-8.82,42.14
Parada,A Coruña,286,0.02,0.475,0.505,0.3,0.78,-8.18,43.22
Parada,Arzúa,316,0.4,0.52,0.08,0.6,0.75,-8.45,43.07
Parada de Piñor,Ourense,1559,0.073,0.6,0.327,0.35,0.8,-7.9,42.32
Parada do Sil,Terra De Caldelas,104,0.188,0.5,0.313,0.17,0.73,-7.57,42.38
Paradela,A Fonsagrada,211,0.476,0.476,0.048,0.63,0.82,-7.57,42.76
Pastoriza,A Coruña,3367,0.02,0.475,0.505,0.3,0.78,-8.47,43.34
Pastoriza,A Ulloa,190,0.154,0.641,0.205,0.5,0.78,-7.35,43.3
Pedrafigueira,Xallas,249,0.657,0.286,0.057,0.71,0.85,-9.09,42.83
Pedrafita do Cebreiro,A Fonsagrada,241,0.476,0.476,0.048,0.63,0.82,-7.02,42.73
Pereira,Arzúa,330,0.4,0.52,0.08,0.6,0.75,-8.4,43.05
Petín,Terra De Caldelas,670,0.188,0.5,0.313,0.17,0.73,-7.13,42.38
Piñor,O Carballiño,109,0.167,0.75,0.083,0.54,0.8,-8.01,42.5
Piadela,A Coruña,755,0.02,0.475,0.505,0.3,0.78,-8.25,43.27
Pobra de San Xiao,A Fonsagrada,699,0.476,0.476,0.048,0.63,0.82,-7.44,42.86
Ponte Caldelas,Pontevedra,991,0.058,0.481,0.462,0.16,0.8,-8.5,42.39
Ponte Ulla,A Barcala,340,0.192,0.59,0.218,0.49,0.75,-8.4,42.78
Ponte Valga,Caldas,434,0.19,0.667,0.143,0.48,0.75,-8.65,42.7
Ponteareas,A Paradanta,11465,0.132,0.579,0.289,0.45,0.78,-8.51,42.17
Ponteceso,Xallas,5893,0.657,0.286,0.057,0.71,0.85,-8.9,43.24
Pontecesures,Caldas,3136,0.19,0.667,0.143,0.48,0.75,-8.65,42.72
Pontedeume,Eume,4624,0.081,0.435,0.484,0.17,0.83,-8.17,43.41
Pontellas,A Coruña,224,0.02,0.475,0.505,0.3,0.78,-8.23,43.3
Pontevedra,Pontevedra,82400,0.058,0.481,0.462,0.16,0.8,-8.64,42.43
Porto do Son,Barbanza,2152,0.282,0.615,0.103,0.62,0.79,-9,42.73
Portobravo,Barbanza,61,0.282,0.615,0.103,0.62,0.79,-8.87,42.79
Portomarín,A Ulloa,548,0.154,0.641,0.205,0.5,0.78,-7.62,42.81
Portomouro,A Barcala,360,0.192,0.59,0.218,0.49,0.75,-8.65,42.96
Porzomillos,A Coruña,412,0.02,0.475,0.505,0.3,0.78,-8.2,43.25
Poulo,Arzúa,333,0.4,0.52,0.08,0.6,0.75,-8.38,43.06
Présaras,A Coruña,265,0.02,0.475,0.505,0.3,0.78,-8.11,43.05
Prado,Tabeirós-Terra De Montes,195,0.48,0.36,0.16,0.58,0.69,-8.18,42.68
Pravio,A Coruña,883,0.02,0.475,0.505,0.3,0.78,-8.32,43.3
Presedo,A Coruña,135,0.02,0.475,0.505,0.3,0.78,-8.26,43.21
Probaos,A Coruña,293,0.02,0.475,0.505,0.3,0.78,-8.25,43.16
Queixas,Arzúa,888,0.4,0.52,0.08,0.6,0.75,-8.48,43.15
Queixeiro,Eume,286,0.081,0.435,0.484,0.17,0.83,-8.06,43.38
Quembre,A Coruña,354,0.02,0.475,0.505,0.3,0.78,-8.37,43.21
Quintáns,Xallas,181,0.657,0.286,0.057,0.71,0.85,-9.15,43.08
Quintela,A Paradanta,225,0.132,0.579,0.289,0.45,0.78,-8.21,42.15
Quintela de Leirado,Terra De Celanova,175,0.5,0.467,0.033,0.64,0.76,-8.1,42.14
Quiroga,Chantada,1518,0.222,0.611,0.167,0.54,0.76,-7.27,42.48
Rábade,A Ulloa,1723,0.154,0.641,0.205,0.5,0.78,-7.62,43.12
Río Caldo,Terra De Celanova,419,0.5,0.467,0.033,0.64,0.76,-8.11,41.88
Rairiz de Veiga,Terra De Celanova,230,0.5,0.467,0.033,0.64,0.76,-7.83,42.08
Randín,Terra De Celanova,131,0.5,0.467,0.033,0.64,0.76,-7.87,41.91
Reboredo,A Coruña,125,0.02,0.475,0.505,0.3,0.78,-8.16,43.21
Redondela,Vigo,7383,0.039,0.512,0.449,0.24,0.8,-8.61,42.28
Requián,A Coruña,663,0.02,0.475,0.505,0.3,0.78,-8.24,43.26
Riós,Terra De Celanova,216,0.5,0.467,0.033,0.64,0.76,-7.28,41.97
Rianxo,Barbanza,4856,0.282,0.615,0.103,0.62,0.79,-8.82,42.65
Ribadavia,O Carballiño,3321,0.167,0.75,0.083,0.54,0.8,-8.14,42.29
Ribadeo,A Mariña Central,6466,0.318,0.545,0.136,0.56,0.76,-7.04,43.54
Ribadumia,Caldas,1637,0.19,0.667,0.143,0.48,0.75,-8.76,42.51
Ribeira,Barbanza,14823,0.282,0.615,0.103,0.62,0.79,-8.99,42.56
Rinlo,A Mariña Central,233,0.318,0.545,0.136,0.56,0.76,-7.1,43.56
Rioseco,Terra De Caldelas,61,0.188,0.5,0.313,0.17,0.73,-7.75,42.28
Rodeiro,A Coruña,316,0.02,0.475,0.505,0.3,0.78,-8.13,43.19
Rodeiro,Tabeirós-Terra De Montes,320,0.48,0.36,0.16,0.58,0.69,-7.95,42.65
Rois,A Coruña,176,0.02,0.475,0.505,0.3,0.78,-8.24,43.31
Rubiá,Terra De Caldelas,842,0.188,0.5,0.313,0.17,0.73,-6.95,42.45
Rubiás,Terra De Celanova,95,0.5,0.467,0.033,0.64,0.76,-7.83,41.91
Sabugueira,A Barcala,1018,0.192,0.59,0.218,0.49,0.75,-8.45,42.9
Sada,A Coruña,9563,0.02,0.475,0.505,0.3,0.78,-8.25,43.35
Salceda de Caselas,Vigo,2798,0.039,0.512,0.449,0.24,0.8,-8.56,42.1
Salto,A Coruña,323,0.02,0.475,0.505,0.3,0.78,-8.2,43.22
Salvaterra de Miño,A Paradanta,1865,0.132,0.579,0.289,0.45,0.78,-8.5,42.08
Samos,A Fonsagrada,180,0.476,0.476,0.048,0.63,0.82,-7.33,42.73
San Amaro,O Carballiño,199,0.167,0.75,0.083,0.54,0.8,-8.07,42.37
San Cibrao,Terra De Celanova,289,0.5,0.467,0.033,0.64,0.76,-7.46,41.87
San Cibrao das Viñas,Ourense,441,0.073,0.6,0.327,0.35,0.8,-7.87,42.3
San Clodio,Chantada,734,0.222,0.611,0.167,0.54,0.76,-7.29,42.47
San Cosme,A Mariña Central,569,0.318,0.545,0.136,0.56,0.76,-7.23,43.54
San Cristovo (Fumaces e A Trepa),Terra De Celanova,137,0.5,0.467,0.033,0.64,0.76,-7.32,41.98
San Pedro das Viñas,A Coruña,230,0.02,0.475,0.505,0.3,0.78,-8.23,43.29
San Ramón,Eume,193,0.081,0.435,0.484,0.17,0.83,-8.02,43.56
San Román,A Barcala,320,0.192,0.59,0.218,0.49,0.75,-8.66,42.97
San Román de Cervantes,A Fonsagrada,78,0.476,0.476,0.048,0.63,0.82,-7.06,42.87
San Roque,Xallas,578,0.657,0.286,0.057,0.71,0.85,-8.74,43.19
San Sadurniño,Eume,3019,0.081,0.435,0.484,0.17,0.83,-8.07,43.53
San Salvador,Xallas,156,0.657,0.286,0.057,0.71,0.85,-8.81,43.08
San Vicente de Fervenzas,A Coruña,247,0.02,0.475,0.505,0.3,0.78,-8.1,43.21
San Vicente de Vigo,A Coruña,456,0.02,0.475,0.505,0.3,0.78,-8.31,43.25
San Vicenzo,A Barcala,335,0.192,0.59,0.218,0.49,0.75,-8.76,42.96
San Xoán de Laíño,A Barcala,735,0.192,0.59,0.218,0.49,0.75,-8.72,42.71
Sandiás,Terra De Celanova,232,0.5,0.467,0.033,0.64,0.76,-7.76,42.11
Santa Comba,Xallas,2750,0.657,0.286,0.057,0.71,0.85,-8.81,43.03
Santa Cruz de Montaos,Arzúa,823,0.4,0.52,0.08,0.6,0.75,-8.43,43.04
Santa María de Ois,A Coruña,454,0.02,0.475,0.505,0.3,0.78,-8.12,43.23
Santa María de Vigo,A Coruña,311,0.02,0.475,0.505,0.3,0.78,-8.31,43.26
Santiago de Compostela,A Barcala,94824,0.192,0.59,0.218,0.49,0.75,-8.55,42.88
Santiago de Ois,A Coruña,180,0.02,0.475,0.505,0.3,0.78,-8.12,43.25
Santigoso,Terra De Celanova,107,0.5,0.467,0.033,0.64,0.76,-7.03,42.01
Santo Antoniño,Pontevedra,357,0.058,0.481,0.462,0.16,0.8,-8.64,42.52
Sanxenxo,Caldas,2358,0.19,0.667,0.143,0.48,0.75,-8.81,42.4
Sarandós,A Coruña,616,0.02,0.475,0.505,0.3,0.78,-8.34,43.22
Sarria,A Fonsagrada,13400,0.476,0.476,0.048,0.63,0.82,-7.41,42.78
Sergude,A Coruña,157,0.02,0.475,0.505,0.3,0.78,-8.34,43.24
Sergude,A Barcala,800,0.192,0.59,0.218,0.49,0.75,-8.47,42.83
Seselle,Eume,123,0.081,0.435,0.484,0.17,0.83,-8.22,43.43
Sever,Terra De Celanova,62,0.5,0.467,0.033,0.64,0.76,-7.01,42.1
Sigüeiro,Arzúa,3623,0.4,0.52,0.08,0.6,0.75,-8.44,42.97
Sigrás,A Coruña,1515,0.02,0.475,0.505,0.3,0.78,-8.37,43.28
Silleda,Tabeirós-Terra De Montes,2784,0.48,0.36,0.16,0.58,0.69,-8.25,42.7
Soñeiro,A Coruña,802,0.02,0.475,0.505,0.3,0.78,-8.29,43.33
Sober,Chantada,312,0.222,0.611,0.167,0.54,0.76,-7.59,42.46
Sobrado,Terra De Celanova,50,0.5,0.467,0.033,0.64,0.76,-8.09,42.19
Sobrado do Bispo,Ourense,600,0.073,0.6,0.327,0.35,0.8,-7.91,42.29
Sobrado dos Monxes,Arzúa,240,0.4,0.52,0.08,0.6,0.75,-8.02,43.04
Sofán (Lira),Xallas,125,0.657,0.286,0.057,0.71,0.85,-9.12,42.81
Sorrizo,A Coruña,204,0.02,0.475,0.505,0.3,0.78,-8.58,43.31
Soutelo de Montes,Tabeirós-Terra De Montes,430,0.48,0.36,0.16,0.58,0.69,-8.3,42.53
Soutomaior,Vigo,7317,0.039,0.512,0.449,0.24,0.8,-8.57,42.34
Soutullo,Caldas,306,0.19,0.667,0.143,0.48,0.75,-8.86,42.42
Sueiro,A Coruña,344,0.02,0.475,0.505,0.3,0.78,-8.38,43.27
Suevos,A Coruña,516,0.02,0.475,0.505,0.3,0.78,-8.48,43.34
Sumio,A Coruña,496,0.02,0.475,0.505,0.3,0.78,-8.38,43.19
Tabeaio,A Coruña,874,0.02,0.475,0.505,0.3,0.78,-8.36,43.25
Taboada,Eume,85,0.081,0.435,0.484,0.17,0.83,-8.1,43.41
Taboada,Chantada,780,0.222,0.611,0.167,0.54,0.76,-7.76,42.72
Taboadela,Ourense,216,0.073,0.6,0.327,0.35,0.8,-7.83,42.24
Tallós,A Barcala,99,0.192,0.59,0.218,0.49,0.75,-8.7,42.72
Teixeiro,A Coruña,1055,0.02,0.475,0.505,0.3,0.78,-8.04,43.14
Teo,A Barcala,18505,0.192,0.59,0.218,0.49,0.75,-8.55,42.8
Tiobre,A Coruña,597,0.02,0.475,0.505,0.3,0.78,-8.2,43.29
Toén,Ourense,293,0.073,0.6,0.327,0.35,0.8,-7.95,42.32
Toiriz,Chantada,204,0.222,0.611,0.167,0.54,0.76,-7.6,42.57
Toques,Arzúa,1265,0.4,0.52,0.08,0.6,0.75,-7.97,42.97
Tordoia,Arzúa,118,0.4,0.52,0.08,0.6,0.75,-8.55,43.09
Trabada,A Mariña Central,191,0.318,0.545,0.136,0.56,0.76,-7.19,43.45
Trasanquelos,A Coruña,229,0.02,0.475,0.505,0.3,0.78,-8.17,43.17
Trasariz,O Carballiño,242,0.167,0.75,0.083,0.54,0.8,-8.07,42.32
Trasmiras,Terra De Celanova,335,0.5,0.467,0.033,0.64,0.76,-7.62,42.02
Triacastela,A Fonsagrada,811,0.476,0.476,0.048,0.63,0.82,-7.24,42.76
Tui,A Paradanta,6098,0.132,0.579,0.289,0.45,0.78,-8.64,42.05
Valdegodos,Terra De Caldelas,254,0.188,0.5,0.313,0.17,0.73,-7.05,42.41
Valdoviño,Eume,1056,0.081,0.435,0.484,0.17,0.83,-8.14,43.61
Veigue,A Coruña,421,0.02,0.475,0.505,0.3,0.78,-8.3,43.37
Verín,Terra De Celanova,14760,0.5,0.467,0.033,0.64,0.76,-7.44,41.94
Viós,A Coruña,245,0.02,0.475,0.505,0.3,0.78,-8.28,43.2
Viaño Pequeno,Arzúa,127,0.4,0.52,0.08,0.6,0.75,-8.52,43.03
Viana do Bolo,Terra De Celanova,1453,0.5,0.467,0.033,0.64,0.76,-7.11,42.18
Videferre,Terra De Celanova,157,0.5,0.467,0.033,0.64,0.76,-7.59,41.85
Vigo,Vigo,297332,0.039,0.512,0.449,0.24,0.8,-8.72,42.24
Vila de Cruces,Tabeirós-Terra De Montes,1352,0.48,0.36,0.16,0.58,0.69,-8.17,42.79
Vilacoba,A Coruña,168,0.02,0.475,0.505,0.3,0.78,-8.29,43.17
Vilagarcía de Arousa,Caldas,19548,0.19,0.667,0.143,0.48,0.75,-8.77,42.59
Vilalba,A Ulloa,5942,0.154,0.641,0.205,0.5,0.78,-7.68,43.3
Vilalonga,Caldas,2261,0.19,0.667,0.143,0.48,0.75,-8.83,42.44
Vilamaior da Boullosa,Terra De Celanova,223,0.5,0.467,0.033,0.64,0.76,-7.75,41.92
Vilamarín,Ourense,187,0.073,0.6,0.327,0.35,0.8,-7.89,42.46
Vilamartín de Valdeorras,Terra De Caldelas,639,0.188,0.5,0.313,0.17,0.73,-7.06,42.41
Vilameán,A Paradanta,388,0.132,0.579,0.289,0.45,0.78,-8.74,42.03
Vilanova,A Mariña Central,929,0.318,0.545,0.136,0.56,0.76,-7.3,43.47
Vilanova de Arousa,Caldas,2093,0.19,0.667,0.143,0.48,0.75,-8.83,42.56
Vilanova de Valdeorras,Terra De Caldelas,226,0.188,0.5,0.313,0.17,0.73,-6.98,42.43
Vilar de Barrio,Terra De Celanova,2000,0.5,0.467,0.033,0.64,0.76,-7.61,42.16
Vilar de Gomareite,Terra De Celanova,145,0.5,0.467,0.033,0.64,0.76,-7.64,42.16
Vilar de Santos,Terra De Celanova,391,0.5,0.467,0.033,0.64,0.76,-7.79,42.09
Vilarchao,Ourense,166,0.073,0.6,0.327,0.35,0.8,-7.84,42.41
Vilardevós,Terra De Celanova,254,0.5,0.467,0.033,0.64,0.76,-7.31,41.91
Vilariño de Conso,Terra De Celanova,147,0.5,0.467,0.033,0.64,0.76,-7.18,42.17
Vilariño Frío,O Carballiño,25,0.167,0.75,0.083,0.54,0.8,-7.99,42.56
Vilarmaior,Arzúa,339,0.4,0.52,0.08,0.6,0.75,-8.33,43.11
Vilarraso,A Coruña,442,0.02,0.475,0.505,0.3,0.78,-8.03,43.18
Vilasantar,A Coruña,107,0.02,0.475,0.505,0.3,0.78,-8.12,43.07
Vilaza,Terra De Celanova,489,0.5,0.467,0.033,0.64,0.76,-7.49,41.93
Vimianzo,Xallas,1412,0.657,0.286,0.057,0.71,0.85,-9.03,43.11
Visantoña,Arzúa,559,0.4,0.52,0.08,0.6,0.75,-8.3,43.13
Visuña,Chantada,50,0.222,0.611,0.167,0.54,0.76,-7.07,42.61
Viveiro,A Mariña Central,16000,0.318,0.545,0.136,0.56,0.76,-7.59,43.66
Vixoi,A Coruña,515,0.02,0.475,0.505,0.3,0.78,-8.24,43.29
Vizoño,A Coruña,245,0.02,0.475,0.505,0.3,0.78,-8.31,43.17
Xanceda,Arzúa,341,0.4,0.52,0.08,0.6,0.75,-8.24,43.08
Xermade,A Ulloa,106,0.154,0.641,0.205,0.5,0.78,-7.81,43.36
Xinzo de Limia,Terra De Celanova,6958,0.5,0.467,0.033,0.64,0.76,-7.73,42.06
Xove,A Mariña Central,1295,0.318,0.545,0.136,0.56,0.76,-7.51,43.69
Xunqueira de Ambía,Terra De Caldelas,1900,0.188,0.5,0.313,0.17,0.73,-7.74,42.21
Xunqueira de Espadañedo,Terra De Caldelas,386,0.188,0.5,0.313,0.17,0.73,-7.63,42.32
Zamáns,Vigo,834,0.039,0.512,0.449,0.24,0.8,-8.69,42.16
Zas,Xallas,471,0.657,0.286,0.057,0.71,0.85,-8.91,43.1
Zas,A Barcala,95,0.192,0.59,0.218,0.49,0.75,-8.77,42.91